{
  "model": "EfficientNetV2-S",
  "dataset": "dataset",
  "classes": [
    "blight",
    "healthy",
    "other",
    "spot"
  ],
  "condition_A_raw": {
    "accuracy": 0.9999999999999973,
    "macro_precision": 0.9999999999999896,
    "macro_recall": 0.9999999999999896,
    "macro_f1": 0.9999999999994895,
    "per_class_precision": [
      0.9999999999999889,
      0.9999999999999881,
      0.999999999999992,
      0.9999999999999892
    ],
    "per_class_recall": [
      0.9999999999999889,
      0.9999999999999881,
      0.999999999999992,
      0.9999999999999892
    ],
    "per_class_f1": [
      0.9999999999994889,
      0.9999999999994882,
      0.999999999999492,
      0.9999999999994893
    ],
    "confusion_matrix": [
      [
        90,
        0,
        0,
        0
      ],
      [
        0,
        84,
        0,
        0
      ],
      [
        0,
        0,
        125,
        0
      ],
      [
        0,
        0,
        0,
        92
      ]
    ]
  },
  "condition_B_bg_removed": {
    "accuracy": 0.9462915601022993,
    "macro_precision": 0.9628290693362889,
    "macro_recall": 0.9416666666666569,
    "macro_f1": 0.9471112622050947,
    "per_class_precision": [
      0.9999999999999856,
      0.9999999999999881,
      0.8620689655172354,
      0.9892473118279465
    ],
    "per_class_recall": [
      0.7666666666666582,
      0.9999999999999881,
      0.999999999999992,
      0.9999999999999892
    ],
    "per_class_f1": [
      0.8679245283013846,
      0.9999999999994882,
      0.9259259259254219,
      0.994594594594084
    ],
    "confusion_matrix": [
      [
        69,
        0,
        20,
        1
      ],
      [
        0,
        84,
        0,
        0
      ],
      [
        0,
        0,
        125,
        0
      ],
      [
        0,
        0,
        0,
        92
      ]
    ]
  }
}