{
  "model": "EfficientNetV2-S",
  "dataset": "dataset",
  "classes": [
    "blight",
    "healthy",
    "other",
    "spot"
  ],
  "condition_A_raw": {
    "accuracy": 0.9974424552429642,
    "macro_precision": 0.9973118279569788,
    "macro_recall": 0.9970238095237991,
    "macro_f1": 0.9971516426601142,
    "per_class_precision": [
      0.9999999999999889,
      0.999999999999988,
      0.999999999999992,
      0.9892473118279465
    ],
    "per_class_recall": [
      0.9999999999999889,
      0.9880952380952264,
      0.999999999999992,
      0.9999999999999892
    ],
    "per_class_f1": [
      0.9999999999994889,
      0.9940119760473923,
      0.999999999999492,
      0.994594594594084
    ],
    "confusion_matrix": [
      [
        90,
        0,
        0,
        0
      ],
      [
        0,
        83,
        0,
        1
      ],
      [
        0,
        0,
        125,
        0
      ],
      [
        0,
        0,
        0,
        92
      ]
    ]
  },
  "condition_B_bg_removed": {
    "accuracy": 0.9411764705882328,
    "macro_precision": 0.958376733371199,
    "macro_recall": 0.9359126984126888,
    "macro_f1": 0.9414896378627357,
    "per_class_precision": [
      0.9999999999999853,
      0.9880952380952264,
      0.856164383561638,
      0.9892473118279465
    ],
    "per_class_recall": [
      0.7555555555555472,
      0.9880952380952264,
      0.999999999999992,
      0.9999999999999892
    ],
    "per_class_f1": [
      0.860759493670385,
      0.9880952380947263,
      0.922509225091747,
      0.994594594594084
    ],
    "confusion_matrix": [
      [
        68,
        1,
        21,
        0
      ],
      [
        0,
        83,
        0,
        1
      ],
      [
        0,
        0,
        125,
        0
      ],
      [
        0,
        0,
        0,
        92
      ]
    ]
  }
}