{
  "folds": 5,
  "random_seed": 42,
  "model": "EfficientNetV2-S",
  "classes": [
    "blight",
    "healthy",
    "other",
    "spot"
  ],
  "per_fold": [
    {
      "accuracy": 0.999999999999998,
      "macro_precision": 0.9999999999999922,
      "macro_recall": 0.9999999999999922,
      "macro_f1": 0.9999999999994922,
      "per_class_precision": [
        0.9999999999999917,
        0.999999999999991,
        0.999999999999994,
        0.9999999999999918
      ],
      "per_class_recall": [
        0.9999999999999917,
        0.999999999999991,
        0.999999999999994,
        0.9999999999999918
      ],
      "per_class_f1": [
        0.9999999999994917,
        0.9999999999994911,
        0.999999999999494,
        0.9999999999994917
      ],
      "confusion_matrix": [
        [
          120,
          0,
          0,
          0
        ],
        [
          0,
          110,
          0,
          0
        ],
        [
          0,
          0,
          166,
          0
        ],
        [
          0,
          0,
          0,
          121
        ]
      ]
    },
    {
      "accuracy": 0.999999999999998,
      "macro_precision": 0.9999999999999922,
      "macro_recall": 0.9999999999999922,
      "macro_f1": 0.9999999999994922,
      "per_class_precision": [
        0.9999999999999917,
        0.999999999999991,
        0.999999999999994,
        0.9999999999999918
      ],
      "per_class_recall": [
        0.9999999999999917,
        0.999999999999991,
        0.999999999999994,
        0.9999999999999918
      ],
      "per_class_f1": [
        0.9999999999994917,
        0.9999999999994911,
        0.999999999999494,
        0.9999999999994917
      ],
      "confusion_matrix": [
        [
          120,
          0,
          0,
          0
        ],
        [
          0,
          110,
          0,
          0
        ],
        [
          0,
          0,
          166,
          0
        ],
        [
          0,
          0,
          0,
          121
        ]
      ]
    },
    {
      "accuracy": 0.999999999999998,
      "macro_precision": 0.9999999999999922,
      "macro_recall": 0.9999999999999922,
      "macro_f1": 0.9999999999994922,
      "per_class_precision": [
        0.9999999999999917,
        0.999999999999991,
        0.999999999999994,
        0.9999999999999918
      ],
      "per_class_recall": [
        0.9999999999999917,
        0.999999999999991,
        0.999999999999994,
        0.9999999999999918
      ],
      "per_class_f1": [
        0.9999999999994917,
        0.9999999999994911,
        0.999999999999494,
        0.9999999999994917
      ],
      "confusion_matrix": [
        [
          120,
          0,
          0,
          0
        ],
        [
          0,
          110,
          0,
          0
        ],
        [
          0,
          0,
          166,
          0
        ],
        [
          0,
          0,
          0,
          121
        ]
      ]
    },
    {
      "accuracy": 0.999999999999998,
      "macro_precision": 0.9999999999999922,
      "macro_recall": 0.9999999999999922,
      "macro_f1": 0.9999999999994922,
      "per_class_precision": [
        0.9999999999999917,
        0.999999999999991,
        0.999999999999994,
        0.9999999999999918
      ],
      "per_class_recall": [
        0.9999999999999917,
        0.999999999999991,
        0.999999999999994,
        0.9999999999999918
      ],
      "per_class_f1": [
        0.9999999999994917,
        0.9999999999994911,
        0.999999999999494,
        0.9999999999994917
      ],
      "confusion_matrix": [
        [
          120,
          0,
          0,
          0
        ],
        [
          0,
          110,
          0,
          0
        ],
        [
          0,
          0,
          166,
          0
        ],
        [
          0,
          0,
          0,
          121
        ]
      ]
    },
    {
      "accuracy": 0.999999999999998,
      "macro_precision": 0.9999999999999922,
      "macro_recall": 0.9999999999999922,
      "macro_f1": 0.9999999999994922,
      "per_class_precision": [
        0.9999999999999917,
        0.9999999999999912,
        0.999999999999994,
        0.999999999999992
      ],
      "per_class_recall": [
        0.9999999999999917,
        0.9999999999999912,
        0.999999999999994,
        0.999999999999992
      ],
      "per_class_f1": [
        0.9999999999994917,
        0.9999999999994913,
        0.999999999999494,
        0.999999999999492
      ],
      "confusion_matrix": [
        [
          120,
          0,
          0,
          0
        ],
        [
          0,
          114,
          0,
          0
        ],
        [
          0,
          0,
          166,
          0
        ],
        [
          0,
          0,
          0,
          124
        ]
      ]
    }
  ],
  "mean_accuracy": 0.999999999999998,
  "std_accuracy": 0.0,
  "mean_macro_precision": 0.9999999999999922,
  "std_macro_precision": 0.0,
  "mean_macro_recall": 0.9999999999999922,
  "std_macro_recall": 0.0,
  "mean_macro_f1": 0.9999999999994922,
  "std_macro_f1": 0.0
}