{
  "folds": 5,
  "random_seed": 42,
  "model": "EfficientNetV2-S",
  "classes": [
    "blight",
    "healthy",
    "other",
    "spot"
  ],
  "per_fold": [
    {
      "accuracy": 0.999999999999998,
      "macro_precision": 0.9999999999999922,
      "macro_recall": 0.9999999999999922,
      "macro_f1": 0.9999999999994922,
      "per_class_precision": [
        0.9999999999999917,
        0.999999999999991,
        0.999999999999994,
        0.9999999999999918
      ],
      "per_class_recall": [
        0.9999999999999917,
        0.999999999999991,
        0.999999999999994,
        0.9999999999999918
      ],
      "per_class_f1": [
        0.9999999999994917,
        0.9999999999994911,
        0.999999999999494,
        0.9999999999994917
      ],
      "confusion_matrix": [
        [
          120,
          0,
          0,
          0
        ],
        [
          0,
          110,
          0,
          0
        ],
        [
          0,
          0,
          166,
          0
        ],
        [
          0,
          0,
          0,
          121
        ]
      ]
    },
    {
      "accuracy": 0.999999999999998,
      "macro_precision": 0.9999999999999922,
      "macro_recall": 0.9999999999999922,
      "macro_f1": 0.9999999999994922,
      "per_class_precision": [
        0.9999999999999917,
        0.999999999999991,
        0.999999999999994,
        0.9999999999999918
      ],
      "per_class_recall": [
        0.9999999999999917,
        0.999999999999991,
        0.999999999999994,
        0.9999999999999918
      ],
      "per_class_f1": [
        0.9999999999994917,
        0.9999999999994911,
        0.999999999999494,
        0.9999999999994917
      ],
      "confusion_matrix": [
        [
          120,
          0,
          0,
          0
        ],
        [
          0,
          110,
          0,
          0
        ],
        [
          0,
          0,
          166,
          0
        ],
        [
          0,
          0,
          0,
          121
        ]
      ]
    },
    {
      "accuracy": 0.999999999999998,
      "macro_precision": 0.9999999999999922,
      "macro_recall": 0.9999999999999922,
      "macro_f1": 0.9999999999994922,
      "per_class_precision": [
        0.9999999999999917,
        0.999999999999991,
        0.999999999999994,
        0.9999999999999918
      ],
      "per_class_recall": [
        0.9999999999999917,
        0.999999999999991,
        0.999999999999994,
        0.9999999999999918
      ],
      "per_class_f1": [
        0.9999999999994917,
        0.9999999999994911,
        0.999999999999494,
        0.9999999999994917
      ],
      "confusion_matrix": [
        [
          120,
          0,
          0,
          0
        ],
        [
          0,
          110,
          0,
          0
        ],
        [
          0,
          0,
          166,
          0
        ],
        [
          0,
          0,
          0,
          121
        ]
      ]
    },
    {
      "accuracy": 0.999999999999998,
      "macro_precision": 0.9999999999999922,
      "macro_recall": 0.9999999999999922,
      "macro_f1": 0.9999999999994922,
      "per_class_precision": [
        0.9999999999999917,
        0.999999999999991,
        0.999999999999994,
        0.9999999999999918
      ],
      "per_class_recall": [
        0.9999999999999917,
        0.999999999999991,
        0.999999999999994,
        0.9999999999999918
      ],
      "per_class_f1": [
        0.9999999999994917,
        0.9999999999994911,
        0.999999999999494,
        0.9999999999994917
      ],
      "confusion_matrix": [
        [
          120,
          0,
          0,
          0
        ],
        [
          0,
          110,
          0,
          0
        ],
        [
          0,
          0,
          166,
          0
        ],
        [
          0,
          0,
          0,
          121
        ]
      ]
    },
    {
      "accuracy": 0.9980916030534331,
      "macro_precision": 0.9979999999999922,
      "macro_recall": 0.9978070175438518,
      "macro_f1": 0.9978946623493321,
      "per_class_precision": [
        0.9999999999999917,
        0.9999999999999912,
        0.999999999999994,
        0.9919999999999921
      ],
      "per_class_recall": [
        0.9999999999999917,
        0.9912280701754299,
        0.999999999999994,
        0.999999999999992
      ],
      "per_class_f1": [
        0.9999999999994917,
        0.995594713655879,
        0.999999999999494,
        0.995983935742464
      ],
      "confusion_matrix": [
        [
          120,
          0,
          0,
          0
        ],
        [
          0,
          113,
          0,
          1
        ],
        [
          0,
          0,
          166,
          0
        ],
        [
          0,
          0,
          0,
          124
        ]
      ]
    }
  ],
  "mean_accuracy": 0.9996183206106851,
  "std_accuracy": 0.0007633587786259443,
  "mean_macro_precision": 0.9995999999999923,
  "std_macro_precision": 0.0008000000000000007,
  "mean_macro_recall": 0.9995614035087641,
  "std_macro_recall": 0.0008771929824561653,
  "mean_macro_f1": 0.9995789324694602,
  "std_macro_f1": 0.0008421350600640309
}